{"cameraMode":{"drawMode":0,"name":"Shaded","section":"Shading Mode"},"sceneLighting":false,"audioPlay":false,"sceneViewState":{"showFog":false,"showMaterialUpdate":false,"showSkybox":false,"showFlares":false,"showImageEffects":false,"showParticleSystems":false},"in2DMode":false,"pivot":{"x":0.4425526559352875,"y":-0.2235676497220993,"z":-0.9233672618865967},"rotation":{"x":0.02069941535592079,"y":0.9731557369232178,"z":-0.09696151316165924,"w":0.2077285647392273},"size":1.609201431274414,"orthographic":false}