{"cameraMode":{"drawMode":0,"name":"Shaded","section":"Shading Mode"},"sceneLighting":false,"audioPlay":false,"sceneViewState":{"showFog":true,"showMaterialUpdate":false,"showSkybox":false,"showFlares":true,"showImageEffects":true,"showParticleSystems":true},"in2DMode":false,"pivot":{"x":-5.190000057220459,"y":0.3992390036582947,"z":0.0},"rotation":{"x":0.24261875450611115,"y":-0.01947246491909027,"z":0.004954292438924313,"w":0.9699772000312805},"size":7.214132308959961,"orthographic":false}