{"cameraMode":{"drawMode":0,"name":"Shaded","section":"Shading Mode"},"sceneLighting":false,"audioPlay":false,"sceneViewState":{"showFog":true,"showMaterialUpdate":false,"showSkybox":false,"showFlares":true,"showImageEffects":true,"showParticleSystems":true},"in2DMode":false,"pivot":{"x":550.9837646484375,"y":262.0542907714844,"z":8.852307319641114},"rotation":{"x":0.20815469324588777,"y":-0.20876389741897584,"z":0.044665105640888217,"w":0.9546746015548706},"size":23.334524154663087,"orthographic":false}