{"cameraMode":{"drawMode":0,"name":"Shaded","section":"Shading Mode"},"sceneLighting":false,"audioPlay":false,"sceneViewState":{"showFog":true,"showMaterialUpdate":false,"showSkybox":false,"showFlares":true,"showImageEffects":true,"showParticleSystems":true},"in2DMode":false,"pivot":{"x":3.6346399784088136,"y":-0.5689202547073364,"z":-1.5229191780090333},"rotation":{"x":-0.3927627205848694,"y":-0.20786574482917787,"z":0.09161477535963059,"w":-0.891152024269104},"size":6.13739538192749,"orthographic":false}