{"cameraMode":{"drawMode":0,"name":"Shaded","section":"Shading Mode"},"sceneLighting":false,"audioPlay":false,"sceneViewState":{"showFog":true,"showMaterialUpdate":false,"showSkybox":false,"showFlares":true,"showImageEffects":true,"showParticleSystems":true},"in2DMode":false,"pivot":{"x":3.914951801300049,"y":-1.9158315658569337,"z":3.0006377696990969},"rotation":{"x":0.2272673100233078,"y":0.40513500571250918,"z":-0.10470131039619446,"w":0.8794031739234924},"size":8.631743431091309,"orthographic":false}